{
  "azimuth": [
    19.5372820907,
    259.407649491,
    113.914775323,
    342.526859041,
    112.396345134,
    218.594677541,
    0.43862853154,
    305.212851798,
    223.292086467,
    140.415193065,
    214.38324772,
    64.2677235246,
    141.329747544,
    188.051256954,
    236.1036603,
    72.2833319819,
    337.892553212,
    217.906057008,
    158.163517415,
    291.247194134,
    28.9791587575,
    226.346084902,
    146.151910542,
    118.782876387
  ],
  "elevation": [
    27.0590432267,
    27.1656285541,
    28.6908432179,
    28.0390860979,
    26.1008611388,
    25.5785213841,
    25.4978413462,
    27.3160483662,
    29.6266836441,
    27.011201369,
    25.8436794482,
    29.4494035084,
    28.8496810462,
    27.5739560745,
    26.5297384808,
    28.6553322136,
    25.3612614347,
    29.0069547591,
    26.1925554399,
    25.5803113985,
    26.6765245553,
    26.0404338719,
    28.5462299409,
    27.8918846391
  ],
  "in_plane_rotation": [
    0,
    0,
    0,
    0,
    0,
    0,
    0,
    0,
    0,
    0,
    0,
    0,
    0,
    0,
    0,
    0,
    0,
    0,
    0,
    0,
    0,
    0,
    0,
    0
  ],

  "distance": [
    0.742719815206,
    0.846648536955,
    0.8632138534  ,
    0.819007984048,
    0.82154133508 ,
    0.736530940767,
    0.740915341335,
    0.811847422087,
    0.755218371076,
    0.891017244022,
    0.687311965935,
    0.681956875922,
    0.733617149323,
    0.909740652674,
    0.906089320283,
    0.855456102953,
    0.735335489697,
    0.689607539009,
    0.698749244924,
    0.876685030548,
    0.764610248048,
    0.930036111582,
    0.719900098368,
    0.779374622659
  ],

  "field_of_view": [
    25,
    25,
    25,
    25,
    25,
    25,
    25,
    25,
    25,
    25,
    25,
    25,
    25,
    25,
    25,
    25,
    25,
    25,
    25,
    25,
    25,
    25,
    25,
    25
  ]
}
